bravado,虚张声势
charade,装模作样；你演我猜（文字游戏）
alliterate,押头韵
adulate,谄媚，奉承
aspersion,诽谤；中伤
chevron,V 字形臂章；人字形
barefaced,公然的；厚颜无耻的
apostasy,背教；变节
choreography,编舞；舞蹈设计
brash,鲁莽的；唐突的；自以为是的
abscond,潜逃，逃匿
bracing,令人振奋的；凉爽的
annul,废除；取消
asperity,严厉；粗暴；艰苦
aver,断言；坚称
banter,打趣；玩笑
anomalous,异常的；反常的
compose,使镇定；组成；创作
appellation,名称；称号
atone,赎罪；弥补
absolve,赦免；免除（责任）
commensurate,相称的；相当的
abnegate,否认；放弃（权利、享乐）
badinage,打趣；玩笑
blurt,脱口而出
baroque,过分雕琢的；复杂的
abiding,持久的，永久的
banal,陈腐的；平庸的
complacency,自满；沾沾自喜
aggravate,加重；激怒
apoplectic,极度愤怒的；中风的
cede,割让；放弃
bluster,咆哮；虚张声势
condign,（惩罚）适当的；应得的
altruism,无私；利他主义
bellwether,领导者；风向标
abstemious,有节制的；（饮食）节俭的
albino,白化病者（或动物、植物）
abjure,发誓放弃；公开否认
brassy,厚脸皮的；刺耳的（如金属声）
ambrosial,美味的；芳香的；神仙的
blase,厌倦享乐的；玩厌了的
clandestine,秘密的；暗中的
chide,责备；斥责
cleft,裂缝；劈开的
ascendant,有影响力的；上升的
abet,教唆，怂恿；帮助
allay,减轻，缓和（情绪/疼痛）
abrade,磨损；擦伤
antidote,解毒剂；矫正方法
accrete,逐渐增长；（天体）聚积
abate,减轻，缓和
blurb,简介；推荐语
chicanery,诡计；欺骗
boggle,犹豫；退缩；困惑
carnal,肉体的；感官的
barricade,障碍物；阻碍
augur,预示；预兆
apposite,适当的；贴切的
canard,谣言；假新闻
abut,邻接，毗连
bravura,精湛大胆的表演；华彩段
banish,驱逐；消除
belabor,喋喋不休；过分强调；痛打
brook,容忍；小溪
amulet,护身符
bristle,怒发冲冠；毛发竖立；充满
ad-lib,即兴的；即兴表演（或讲话）
blazon,公开宣布；装饰
caustic,腐蚀性的；刻薄的
affinity,密切关系；吸引力；类同
arduous,艰巨的；费力的
cavern,大洞穴
anemic,贫血的；无活力的
circumvent,规避；绕过
acquiesce,默许，顺从
askew,歪斜的；不正的
barb,尖刻的批评；倒钩
appall,使惊骇；使恐惧
conciliate,安抚；调解
audacious,大胆的；鲁莽的
avulse,撕脱；扯离
clement,仁慈的；（气候）温和的
comity,礼让；友好
amicable,友好的，和平的
caprice,反复无常；突发奇想
arimonious,讽刺的；尖刻的（注：词形常见作 acrimonious）
broach,提出（敏感话题）；开（酒桶）
barter,以物易物；交换
bolster,支持；增强
brisk,轻快的；兴旺的；清新的
ballad,民谣；歌谣
concerted,齐心协力的；一致的
burnish,打磨；抛光；改进（名声）
bruit,传播（消息）
backhanded,间接的；含沙射影的；反手的
amalgamate,合并；混合
cipher,密码；无足轻重的人
ardor,热情；激情
apprehension,忧虑；理解；逮捕
berate,严厉指责；痛斥
agonize,感到极度痛苦；苦苦思索
apprise,通知；告知
abstain,戒除；弃权
brazen,厚颜无耻的；公然的
blatant,显眼的；公然的
blemish,污点；瑕疵
antic,滑稽可笑的；古怪的行为
apocryphal,伪造的；可疑的
blast,一阵风；爆炸；抨击
chary,谨慎小心的
acerbic,尖刻的；酸涩的
beleaguer,围攻；困扰
abridge,缩短；删节
amity,友好，和睦
callow,稚嫩的；幼稚的
compendium,简编；概要
cadge,乞讨；白拿
apothecary,药剂师
caret,脱字符（^）；插入符号
chiaroscuro,明暗对比法
bungle,笨拙地做；搞砸
commotion,骚动；喧闹
coltish,爱嬉闹的；不受拘束的
apparel,服装；给…穿衣
castigate,严厉斥责
banister,楼梯扶手
affable,和蔼的，友善的
allegiance,忠诚；拥护
apron,围裙；台口（戏剧）
concur,同意；同时发生
caveat,警告；告诫
astringent,收敛的；严厉的
ballast,压舱物；稳定力量
alchemy,炼金术；神秘变化（比喻）
churl,粗鲁之人；吝啬鬼
amble,漫步，缓行
badger,不断纠缠；烦扰
apothasis,否定陈述法
bridle,抑制；缰绳；约束
animus,敌意；憎恨
anthology,选集
clout,影响力；猛击
apt,恰当的；聪明的；有…倾向的
coax,哄劝；劝诱
adventitious,偶然的；外来的
accede,同意；就任（职位）
alacrity,敏捷；欣然同意
candor,坦率；直言不讳
besmirch,玷污；诽谤
commencement,开始；毕业典礼
browbeat,威吓；恫吓
censorious,吹毛求疵的；苛评的
accolade,荣誉；赞扬
carve,雕刻；切割；争取赢得
astute,机敏的；精明的
agog,兴奋的；急切想要的
commodious,宽敞舒适的
adulterate,掺假；掺入劣质成分
carouse,痛饮作乐
buffoon,小丑；滑稽可笑的人
caricature,漫画式夸张；讽刺画
colander,滤器；笊篱
aseptic,无菌的；防腐的
amiable,和蔼可亲的，友善的
budge,让步；改变立场；挪动
bland,乏味的；温和的
bedeck,装饰；点缀
amenable,顺从的，服从的；有责任的
allude,暗指，影射
ascetic,禁欲的；苦行的
condone,宽恕；纵容
balky,倔强的；不合作的
aphorism,格言；警句
brittle,脆弱的；易碎的；（关系）脆弱的
bumptious,自以为是的；傲慢的
awning,遮阳篷；雨篷
cogent,有说服力的；令人信服的
barren,贫瘠的；不结果实的
canvass,游说；详细讨论；拉选票
adjourn,休会；延期
calumniate,诽谤；中伤
boon,恩惠；福利；好处
antagonize,使对抗；激怒
attenuate,使减弱；变薄
ameliorate,改善，改进
clarion,嘹亮的；号角声
bane,祸根；灾星
blithe,无忧无虑的；漫不经心的
condole,吊唁；表示同情
argot,行话；黑话
complaisance,殷勤；顺从
advert,注意；提及
adore,崇拜；喜爱
affidavit,宣誓书
abdicate,退位；放弃（权力/责任）
cement,巩固；水泥
cineast,电影爱好者；电影艺术家
chorus,合唱；随声附和
coalesce,合并；融合
blunt,迟钝的；直率的；使迟钝
cavort,欢跃；雀跃
concede,承认；让步
addendum,补遗；附录
choleric,易怒的
abysmal,极坏的；极深的
anathema,极讨厌的人或事；诅咒
burlesque,讽刺滑稽表演；讽刺模仿
collude,串通；勾结
avid,渴望的；热切的
abscission,切除；脱落
ancillary,辅助的；补充的
aspirant,有抱负者；志士
chagrin,懊恼；委屈
commingle,混合；掺和
atrocious,残暴的；极坏的
acrid,辛辣的；刻薄的
approbation,赞许；认可
amenity,舒适；便利设施；礼节
breach,违背；破裂；突破口
awe,敬畏；惊惧
chase,追逐；在金属上雕刻
coagulant,凝血剂；凝固剂
airtight,密封的；无懈可击的
commend,称赞；推荐
annals,编年史；历史记载
compliant,顺从的
adumberate,预示；概述（注：词形常见作 adumbrate）
clasp,扣子；紧握；扣住
anesthetic,麻醉的；麻醉剂
cameo,小配角；浮雕刻像
allure,吸引；诱惑
abject,悲惨的；卑微的；绝望的
bale,灾祸；不幸
belie,掩饰；证明为假
bombast,夸大的言辞
asunder,分离的；化为碎片的
assiduous,勤奋的；刻苦的
compunction,内疚；良心不安
analgesic,止痛的；止痛药
apostrophe,撇号；呼语
abstruse,深奥的，难解的
balm,安慰物；香膏
bromide,陈词滥调
beseech,恳求；乞求
boisterous,喧闹的；活跃的
cherubic,天使般的（胖乎乎、纯真的）
cloying,甜得发腻的；令人腻烦的
baseboard,踢脚板；墙脚板
abominate,痛恨，厌恶
blight,枯萎；破坏因素
accost,搭讪；上前与人攀谈
clique,小团体；小圈子
babble,含糊不清地说；喋喋不休
alienate,疏远；转让（财产）
alibi,不在场证明；托辞
cloture,终止辩论表决程序
cavil,吹毛求疵
admonish,警告；劝诫
abrogate,废除，取消（法律、协议）
